name,price,url
Люстра Ливсден Brown,15 990,https://www.divan.ru/tver/product/lyustra-livsden-brown
Подвесной светильник Ливсден Brown,3990,https://www.divan.ru/tver/product/podvesnoj-svetilnik-livsden-brown
Настольная лампа Ливсден Brown,6990,https://www.divan.ru/tver/product/nastolnaya-lampa-livsden-brown
Торшер Ливсден Brown,11 990,https://www.divan.ru/tver/product/torsher-livsden-brown
Бра Флиммер Black,1690,https://www.divan.ru/tver/product/bra-flimmer-black
Люстра Флиммер Black,7990,https://www.divan.ru/tver/product/lyustra-flimmer-black
Подвесной светильник Флиммер Black,1890,https://www.divan.ru/tver/product/podvesnoj-svetilnik-flimmer-black
Настольная лампа Флиммер Black,2990,https://www.divan.ru/tver/product/nastolnaya-lampa-flimmer-black
Торшер Флиммер Black,3990,https://www.divan.ru/tver/product/torsher-flimmer-black
Торшер Нидлс Khaki,14 990,https://www.divan.ru/tver/product/torsher-nidls-khaki
Настольная лампа Нидлс Raffia Beige,3690,https://www.divan.ru/tver/product/nastolnaya-lampa-nidls-raffia-beige
Люстра Гейза Black,9990,https://www.divan.ru/tver/product/lyustra-gejza-black
Настольная лампа Гейза Black,3990,https://www.divan.ru/tver/product/nastolnaya-lampa-gejza-black
Настольная лампа Гейза Pink,3990,https://www.divan.ru/tver/product/nastolnaya-lampa-gejza-pink
Настольная лампа Гейза Blue,3990,https://www.divan.ru/tver/product/nastolnaya-lampa-gejza-blue
Настольная лампа Гейза Orange,3990,https://www.divan.ru/tver/product/nastolnaya-lampa-gejza-orange
Настольная лампа Алней Black,3990,https://www.divan.ru/tver/product/nastolnaya-lampa-alnej-black
Настольная лампа Алней Beige,3990,https://www.divan.ru/tver/product/nastolnaya-lampa-alnej-beige
Настольная лампа Алней Green,3990,https://www.divan.ru/tver/product/nastolnaya-lampa-alnej-green
Настольная лампа Алней Orange,3590,https://www.divan.ru/tver/product/nastolnaya-lampa-alnej-orange
Торшер Алней Green,7990,https://www.divan.ru/tver/product/torsher-alnej-green
Торшер Алней Black,5990,https://www.divan.ru/tver/product/torsher-alnej-black
Торшер Алней Orange,7990,https://www.divan.ru/tver/product/torsher-alnej-orange
Торшер Алней Beige,7990,https://www.divan.ru/tver/product/torsher-alnej-beige
Настольная лампа Арбет Orange,2390,https://www.divan.ru/tver/product/nastolnaya-lampa-arbet-orange
Настольная лампа Арбет Silver,2990,https://www.divan.ru/tver/product/nastolnaya-lampa-arbet-silver
Настольная лампа Арбет Beige,2390,https://www.divan.ru/tver/product/nastolnaya-lampa-arbet-beige
Настольная лампа Арбет White,2390,https://www.divan.ru/tver/product/nastolnaya-lampa-arbet-white
Настольная лампа Арбет Black,1990,https://www.divan.ru/tver/product/nastolnaya-lampa-arbet-black
Настольная лампа Синдри Grey,3990,https://www.divan.ru/tver/product/nastolnaya-lampa-sindri-grey
Люстра Синдри Black,13 990,https://www.divan.ru/tver/product/lyustra-sindri-black
Настольная лампа Манэт White,1990,https://www.divan.ru/tver/product/nastolnaya-lampa-manet-white
Настольная лампа Леррет Beige,3990,https://www.divan.ru/tver/product/nastolnaya-lampa-lerret-beige
Настольная лампа Леррет White,2290,https://www.divan.ru/tver/product/nastolnaya-lampa-lerret-white
Настольная лампа Истад Black,1690,https://www.divan.ru/tver/product/nastolnaya-lampa-istad-black
Настольная лампа Истад White,1690,https://www.divan.ru/tver/product/nastolnaya-lampa-istad-white
Люстра Боллар White,22 990,https://www.divan.ru/tver/product/lyustra-bollar-white
Настольная лампа Рибе Black,1890,https://www.divan.ru/tver/product/nastolnaya-lampa-ribe-black
Настольная лампа Рибе Orange,1890,https://www.divan.ru/tver/product/nastolnaya-lampa-ribe-orange
Настольная лампа Снибальд White,790,https://www.divan.ru/tver/product/nastolnaya-lampa-snibald-white
Настольная лампа Спайк Pink,1390,https://www.divan.ru/tver/product/nastolnaya-lampa-spajk-pink
Настольная лампа Спайк White,1390,https://www.divan.ru/tver/product/nastolnaya-lampa-spajk-white
Настольная лампа Астри Black,1290,https://www.divan.ru/tver/product/nastolnaya-lampa-astri-black
Настольная лампа Астри Beige,1390,https://www.divan.ru/tver/product/nastolnaya-lampa-astri-beige
Подвесной светильник Клауд White,10 990,https://www.divan.ru/tver/product/podvesnoj-svetilnik-klaud-white
Торшер Клауд White,18 290,https://www.divan.ru/tver/product/torsher-klaud-white
Настольная лампа Клауд White,15 990,https://www.divan.ru/tver/product/nastolnaya-lampa-klaud-white
Настольная лампа Машрум Olive,3990,https://www.divan.ru/tver/product/nastolnaya-lampa-mashrum-olive
Люстра Ливсден Brown,15 990,https://www.divan.ru/tver/product/lyustra-livsden-brown
Подвесной светильник Ливсден Brown,3990,https://www.divan.ru/tver/product/podvesnoj-svetilnik-livsden-brown
Настольная лампа Ливсден Brown,6990,https://www.divan.ru/tver/product/nastolnaya-lampa-livsden-brown
Торшер Ливсден Brown,11 990,https://www.divan.ru/tver/product/torsher-livsden-brown
Бра Флиммер Black,1690,https://www.divan.ru/tver/product/bra-flimmer-black
Люстра Флиммер Black,7990,https://www.divan.ru/tver/product/lyustra-flimmer-black
Подвесной светильник Флиммер Black,1890,https://www.divan.ru/tver/product/podvesnoj-svetilnik-flimmer-black
Настольная лампа Флиммер Black,2990,https://www.divan.ru/tver/product/nastolnaya-lampa-flimmer-black
Торшер Флиммер Black,3990,https://www.divan.ru/tver/product/torsher-flimmer-black
Торшер Нидлс Khaki,14 990,https://www.divan.ru/tver/product/torsher-nidls-khaki
Настольная лампа Нидлс Raffia Beige,3690,https://www.divan.ru/tver/product/nastolnaya-lampa-nidls-raffia-beige
Люстра Гейза Black,9990,https://www.divan.ru/tver/product/lyustra-gejza-black
Настольная лампа Гейза Black,3990,https://www.divan.ru/tver/product/nastolnaya-lampa-gejza-black
Настольная лампа Гейза Pink,3990,https://www.divan.ru/tver/product/nastolnaya-lampa-gejza-pink
Настольная лампа Гейза Blue,3990,https://www.divan.ru/tver/product/nastolnaya-lampa-gejza-blue
Настольная лампа Гейза Orange,3990,https://www.divan.ru/tver/product/nastolnaya-lampa-gejza-orange
Настольная лампа Алней Black,3990,https://www.divan.ru/tver/product/nastolnaya-lampa-alnej-black
Настольная лампа Алней Beige,3990,https://www.divan.ru/tver/product/nastolnaya-lampa-alnej-beige
Настольная лампа Алней Green,3990,https://www.divan.ru/tver/product/nastolnaya-lampa-alnej-green
Настольная лампа Алней Orange,3590,https://www.divan.ru/tver/product/nastolnaya-lampa-alnej-orange
Торшер Алней Green,7990,https://www.divan.ru/tver/product/torsher-alnej-green
Торшер Алней Black,5990,https://www.divan.ru/tver/product/torsher-alnej-black
Торшер Алней Orange,7990,https://www.divan.ru/tver/product/torsher-alnej-orange
Торшер Алней Beige,7990,https://www.divan.ru/tver/product/torsher-alnej-beige
Настольная лампа Арбет Orange,2390,https://www.divan.ru/tver/product/nastolnaya-lampa-arbet-orange
Настольная лампа Арбет Silver,2990,https://www.divan.ru/tver/product/nastolnaya-lampa-arbet-silver
Настольная лампа Арбет Beige,2390,https://www.divan.ru/tver/product/nastolnaya-lampa-arbet-beige
Настольная лампа Арбет White,2390,https://www.divan.ru/tver/product/nastolnaya-lampa-arbet-white
Настольная лампа Арбет Black,1990,https://www.divan.ru/tver/product/nastolnaya-lampa-arbet-black
Настольная лампа Синдри Grey,3990,https://www.divan.ru/tver/product/nastolnaya-lampa-sindri-grey
Люстра Синдри Black,13 990,https://www.divan.ru/tver/product/lyustra-sindri-black
Настольная лампа Манэт White,1990,https://www.divan.ru/tver/product/nastolnaya-lampa-manet-white
Настольная лампа Леррет Beige,3990,https://www.divan.ru/tver/product/nastolnaya-lampa-lerret-beige
Настольная лампа Леррет White,2290,https://www.divan.ru/tver/product/nastolnaya-lampa-lerret-white
Настольная лампа Истад Black,1690,https://www.divan.ru/tver/product/nastolnaya-lampa-istad-black
Настольная лампа Истад White,1690,https://www.divan.ru/tver/product/nastolnaya-lampa-istad-white
Люстра Боллар White,22 990,https://www.divan.ru/tver/product/lyustra-bollar-white
Настольная лампа Рибе Black,1890,https://www.divan.ru/tver/product/nastolnaya-lampa-ribe-black
Настольная лампа Рибе Orange,1890,https://www.divan.ru/tver/product/nastolnaya-lampa-ribe-orange
Настольная лампа Снибальд White,790,https://www.divan.ru/tver/product/nastolnaya-lampa-snibald-white
Настольная лампа Спайк Pink,1390,https://www.divan.ru/tver/product/nastolnaya-lampa-spajk-pink
Настольная лампа Спайк White,1390,https://www.divan.ru/tver/product/nastolnaya-lampa-spajk-white
Настольная лампа Астри Black,1290,https://www.divan.ru/tver/product/nastolnaya-lampa-astri-black
Настольная лампа Астри Beige,1390,https://www.divan.ru/tver/product/nastolnaya-lampa-astri-beige
Подвесной светильник Клауд White,10 990,https://www.divan.ru/tver/product/podvesnoj-svetilnik-klaud-white
Торшер Клауд White,18 290,https://www.divan.ru/tver/product/torsher-klaud-white
Настольная лампа Клауд White,15 990,https://www.divan.ru/tver/product/nastolnaya-lampa-klaud-white
Настольная лампа Машрум Olive,3990,https://www.divan.ru/tver/product/nastolnaya-lampa-mashrum-olive
Бра Буфалата Black,13 990,https://www.divan.ru/tver/product/bra-bufalata-black
Ландшафтный светильник Элси-1 Black,890,https://www.divan.ru/tver/product/landshaftnyj-svetilnik-elsi-1-black
Бра Техно Стрикт-1 Grey,3290,https://www.divan.ru/tver/product/bra-tehno-strikt-1-grey
Бра Мостар White,4490,https://www.divan.ru/tver/product/bra-mostar-white
Подвесной светильник Даклин White,4590,https://www.divan.ru/tver/product/podvesnoj-svetilnik-daklin-white
Подвесной светильник Атрани Black,5690,https://www.divan.ru/tver/product/podvesnoj-svetilnik-atrani-black
Подвесной светильник Портланд Black,3590,https://www.divan.ru/tver/product/podvesnoj-svetilnik-portland-black
Подвесной светильник Белфаст Black,4790,https://www.divan.ru/tver/product/podvesnoj-svetilnik-belfast-black
Настольная лампа Спайк Green,990,https://www.divan.ru/tver/product/nastolnaya-lampa-spajk-green
Настольная лампа Машрум Grey,4590,https://www.divan.ru/tver/product/nastolnaya-lampa-mashrum-grey
Торшер Осло White,16 990,https://www.divan.ru/tver/product/torsher-oslo-white
Торшер Рэй Black,5290,https://www.divan.ru/tver/product/torsher-rej-black
Торшер Гросс White,7990,https://www.divan.ru/tver/product/torsher-gross-white
Торшер Вена Beige,11 990,https://www.divan.ru/tver/product/torsher-vena-beige
Торшер Билли Black,19 690,https://www.divan.ru/tver/product/torsher-billi-black
Настольная лампа Гровер Glass,6490,https://www.divan.ru/tver/product/nastolnaya-lampa-grover-glass
Настольная лампа Рэй Black,3590,https://www.divan.ru/tver/product/nastolnaya-lampa-rej-black
Настольная лампа Рэй White,3590,https://www.divan.ru/tver/product/nastolnaya-lampa-rej-white
Бра Куб Black,3090,https://www.divan.ru/tver/product/bra-kub-black
Подвесной светильник Нести White,6190,https://www.divan.ru/tver/product/podvesnoj-svetilnik-nesti-white
Спот Лайт-2 White,3690,https://www.divan.ru/tver/product/spot-lajt-2-white
Подвесной светильник Ньютаун-1 Black,11 490,https://www.divan.ru/tver/product/podvesnoj-svetilnik-nyutaun-1-black
Люстра Пиллар-6 Black,13 390,https://www.divan.ru/tver/product/lyustra-pillar-6-black
Люстра Альби-3 Black,4490,https://www.divan.ru/tver/product/lyustra-albi-3-black
Бра Метрополис Brown,5990,https://www.divan.ru/tver/product/bra-metropolis-brown
Подвесной светильник Даклин Black,4590,https://www.divan.ru/tver/product/podvesnoj-svetilnik-daklin-black
Торшер Ньютаун Black,15 190,https://www.divan.ru/tver/product/torsher-nyutaun-black
Люстра Белиз-12 Bronz,13 490,https://www.divan.ru/tver/product/lyustra-beliz-12-bronz
Бра Tarbes-2,3390,https://www.divan.ru/tver/product/bra-tarbes-2
Подвесной светильник Снэки Brown,2790,https://www.divan.ru/tver/product/podvesnoj-svetilnik-sneki-brown
Подвесной светильник Плейн Black,11 990,https://www.divan.ru/tver/product/podvesnoj-svetilnik-plejn-black
Настольная лампа Флейк White,6990,https://www.divan.ru/tver/product/nastolnaya-lampa-flejk-white
Торшер Флинт-1 White,16 690,https://www.divan.ru/tver/product/torsher-flint-1-white
Люстра Леон-3 Black,8090,https://www.divan.ru/tver/product/lyustra-leon-3-black
Светильник потолочный Элси Black,890,https://www.divan.ru/tver/product/svetilnik-potolochnyj-elsi-black
Светильник потолочный Банджи Black,6690,https://www.divan.ru/tver/product/svetilnik-potolochnyj-bandji-black
Торшер Вена Black,11 990,https://www.divan.ru/tver/product/torsher-vena-black
Подвесной светильник Нести Black,6190,https://www.divan.ru/tver/product/podvesnoj-svetilnik-nesti-black
Ландшафтный светильник Метрополис-1 Brown,8390,https://www.divan.ru/tver/product/landshaftnyj-svetilnik-metropolis-1-brown
Настольная лампа Сфера Orange,5390,https://www.divan.ru/tver/product/nastolnaya-lampa-sfera-orange
Настольная лампа Спайк Orange,990,https://www.divan.ru/tver/product/nastolnaya-lampa-spajk-orange
Подвесной светильник Мистеро White,1290,https://www.divan.ru/tver/product/podvesnoj-svetilnik-mistero-white
Светильник потолочный Белфаст Black,5690,https://www.divan.ru/tver/product/svetilnik-potolochnyj-belfast-black
Ландшафтный светильник Сирмион Black,10 490,https://www.divan.ru/tver/product/landshaftnyj-svetilnik-sirmion-black
Подвесной светильник Мистеро Grey,1290,https://www.divan.ru/tver/product/podvesnoj-svetilnik-mistero-grey
Ландшафтный светильник Элси-3 Black,890,https://www.divan.ru/tver/product/landshaftnyj-svetilnik-elsi-3-black
Бра Техно Стрикт-1 White,3290,https://www.divan.ru/tver/product/bra-tehno-strikt-1-white
Подвесной светильник Кая White,2990,https://www.divan.ru/tver/product/podvesnoj-svetilnik-kaya-white
Бра Lubenham,8790,https://www.divan.ru/tver/product/bra-lubenham
Ландшафтный светильник Элси-2 Black,1090,https://www.divan.ru/tver/product/landshaftnyj-svetilnik-elsi-2-black
Подвесной светильник Мистеро Black,1290,https://www.divan.ru/tver/product/podvesnoj-svetilnik-mistero-black
Торшер Портланд Black,7590,https://www.divan.ru/tver/product/torsher-portland-black
Торшер Arco,13 140,https://www.divan.ru/tver/product/torsher-arco
Торшер Duetto-1,5190,https://www.divan.ru/tver/product/torsher-duetto-1
Спот Лима-3 Black,7790,https://www.divan.ru/tver/product/spot-lima-3-black
Подвесной светильник Бабл Quartz,11 490,https://www.divan.ru/tver/product/podvesnoj-svetilnik-babl-quartz
Подвесной светильник Ньютаун Black,8790,https://www.divan.ru/tver/product/podvesnoj-svetilnik-nyutaun-black
Подвесной светильник Рэн Gray,8990,https://www.divan.ru/tver/product/podvesnoj-svetilnik-ren-gray
Подвесной светильник Пескара Black,6990,https://www.divan.ru/tver/product/podvesnoj-svetilnik-peskara-black
Подвесной светильник Лечче Rose,5090,https://www.divan.ru/tver/product/podvesnoj-svetilnik-lechche-rose
Подвесной светильник Рэн Beige,8990,https://www.divan.ru/tver/product/podvesnoj-svetilnik-ren-beige
Настольная лампа Флинт White,6590,https://www.divan.ru/tver/product/torsher-flint-white
Подвесной светильник Рэн Gold,7990,https://www.divan.ru/tver/product/podvesnoj-svetilnik-ren-gold
Настольная лампа Машрум Pink,2990,https://www.divan.ru/tver/product/nastolnaya-lampa-mashrum-pink
Настольная лампа Машрум Gold,4990,https://www.divan.ru/tver/product/nastolnaya-lampa-mashrum-gold
Бра Берит Black,4990,https://www.divan.ru/tver/product/bra-berit-black
Бра Берит Orange,4990,https://www.divan.ru/tver/product/bra-berit-orange
Бра Бракетт Black,3990,https://www.divan.ru/tver/product/bra-brakett-black
Бра Бракетт White,3990,https://www.divan.ru/tver/product/bra-brakett-white
Подвесной светильник Малинг Orange,6690,https://www.divan.ru/tver/product/podvesnoj-svetilnik-maling-orange
Подвесной светильник Малинг Black,6690,https://www.divan.ru/tver/product/podvesnoj-svetilnik-maling-black
Подвесной светильник Малинг Beige,6690,https://www.divan.ru/tver/product/podvesnoj-svetilnik-maling-beige
Люстра Малинг Multi,16 990,https://www.divan.ru/tver/product/lyustra-maling-multi
Торшер Осло Blue,17 990,https://www.divan.ru/tver/product/torsher-oslo-blue
Торшер Осло Black,16 990,https://www.divan.ru/tver/product/torsher-oslo-black
Торшер Энкель Black,4990,https://www.divan.ru/tver/product/torsher-enkel-black
Настольная лампа Требен White,2590,https://www.divan.ru/tver/product/nastolnaya-lampa-treben-white
Настольная лампа Требен Orange,2590,https://www.divan.ru/tver/product/nastolnaya-lampa-treben-orange
Подвесной светильник Сансет Black,5990,https://www.divan.ru/tver/product/podvesnoj-svetilnik-sanset-black
Торшер Раффи Round,11 690,https://www.divan.ru/tver/product/torsher-raffi-round
Настольная лампа Гросс White,4690,https://www.divan.ru/tver/product/nastolnaya-lampa-gross-white
Торшер Сканди White,9990,https://www.divan.ru/tver/product/torsher-skandi-white
Подвесной светильник Бабл-9,22 590,https://www.divan.ru/tver/product/podvesnoj-svetilnik-babl-9
Торшер Бабл-1,8690,https://www.divan.ru/tver/product/torsher-babl-1
Подвесной светильник Бабл-3,7590,https://www.divan.ru/tver/product/podvesnoj-svetilnik-babl-3
Бра Бабл Black,3190,https://www.divan.ru/tver/product/bra-babl-black
Настольная лампа Дэнди Black,5990,https://www.divan.ru/tver/product/nastolnaya-lampa-dendi-black
Настольная лампа Дэнди White,5990,https://www.divan.ru/tver/product/nastolnaya-lampa-dendi-white
Торшер Варио White,7590,https://www.divan.ru/tver/product/torsher-vario-white
Бра Варио Black,1490,https://www.divan.ru/tver/product/bra-vario-black
Бра Варио White,1490,https://www.divan.ru/tver/product/bra-vario-white
Подвесной светильник Сансет White,5990,https://www.divan.ru/tver/product/podvesnoj-svetilnik-sanset-white
Подвесной светильник Кэндел Black,3990,https://www.divan.ru/tver/product/podvesnoj-svetilnik-kendel-black
Подвесной светильник Кэндел White,3990,https://www.divan.ru/tver/product/podvesnoj-svetilnik-kendel-white
Торшер Рэй White,5590,https://www.divan.ru/tver/product/torsher-rej-white
Торшер Мун Black,8990,https://www.divan.ru/tver/product/torsher-mun-black
Торшер Варио Black,7590,https://www.divan.ru/tver/product/torsher-vario-black
Бра Moderli Alina,2990,https://www.divan.ru/tver/product/bra-moderli-alina
Подвесной светильник Маро Green,7590,https://www.divan.ru/tver/product/podvesnoj-svetilnik-maro-green
Светильник потолочный Matthew,5690,https://www.divan.ru/tver/product/svetilnik-potolochnyj-matthew
Настольная лампа Сфера Black,5390,https://www.divan.ru/tver/product/nastolnaya-lampa-sfera-black
Люстра Монти-3 White,11 490,https://www.divan.ru/tver/product/lyustra-monti-3-white
Бра Galdakao-1,6590,https://www.divan.ru/tver/product/bra-galdakao
Подвесной светильник Лума Gold,5490,https://www.divan.ru/tver/product/podvesnoj-svetilnik-luma-gold
Подвесной светильник Tureis,3890,https://www.divan.ru/tver/product/podvesnoj-svetilnik-tureis
Люстра Монти-5 White,17 190,https://www.divan.ru/tver/product/lyustra-monti-5-white
Подвесной светильник Лиму-3 Black,5990,https://www.divan.ru/tver/product/podvesnoj-svetilnik-limu-3-black
Торшер Билли White,19 690,https://www.divan.ru/tver/product/torsher-billi-white
Подвесной светильник Ори Gold,3990,https://www.divan.ru/tver/product/podvesnoj-svetilnik-ori-gold
Ландшафтный светильник Визор Black,7390,https://www.divan.ru/tver/product/landshaftnyj-svetilnik-vizor-black
Бра Bolla-Unica,5290,https://www.divan.ru/tver/product/bra-bolla-unica
Люстра Леон-5 Black,11 990,https://www.divan.ru/tver/product/lyustra-leon-5-black
Люстра Нейва-4 Black,7190,https://www.divan.ru/tver/product/lyustra-nejva-4-black
Бра Лима Black,2490,https://www.divan.ru/tver/product/bra-lima-black
Бра Техно Стрикт-2 Black,2290,https://www.divan.ru/tver/product/bra-tehno-strikt-2-black
Бра Донатори Black,5590,https://www.divan.ru/tver/product/bra-donatori-black
Настольная лампа Moderli Suspent,3390,https://www.divan.ru/tver/product/nastolnaya-lampa-moderli-suspent
Торшер Moderli Floor White,5990,https://www.divan.ru/tver/product/torsher-moderli-floor-white
Настольная лампа Белларива Cream,2690,https://www.divan.ru/tver/product/nastolnaya-lampa-bellariva-cream
Бра Белфаст Single,4090,https://www.divan.ru/tver/product/bra-belfast-single
Подвесной светильник Флейк White,5590,https://www.divan.ru/tver/product/podvesnoj-svetilnik-flejk-white
Торшер Moderli Suspent,6490,https://www.divan.ru/tver/product/torsher-moderli-suspent
Светильник потолочный Атрани Black,5190,https://www.divan.ru/tver/product/svetilnik-potolochnyj-atrani-black
Подвесной светильник Сфера-1 Black,4990,https://www.divan.ru/tver/product/podvesnoj-svetilnik-sfera-1-black
Бра Техно Стрикт-2 Grey,2290,https://www.divan.ru/tver/product/bra-tehno-strikt-2-grey
Подвесной светильник Narices-1,30 290,https://www.divan.ru/tver/product/podvesnoj-svetilnik-narices-1
Подвесной светильник Эйр White,6990,https://www.divan.ru/tver/product/podvesnoj-svetilnik-ejr-white
Светильник потолочный Банджи White,7790,https://www.divan.ru/tver/product/svetilnik-potolochnyj-bandji-white
Подвесной светильник Moderli Lewes,14 690,https://www.divan.ru/tver/product/podvesnoj-svetilnik-moderli-lewes
Подвесной светильник Robinia Gold,9990,https://www.divan.ru/tver/product/podvesnoj-svetilnik-robinia-gold
Подвесной светильник Клэри Brown,9490,https://www.divan.ru/tver/product/podvesnoj-svetilnik-kleri-brown
Ландшафтный светильник Техно-1 Black,6690,https://www.divan.ru/tver/product/landshaftnyj-svetilnik-tehno-1-black
Ландшафтный светильник Равелло-1 Black,6990,https://www.divan.ru/tver/product/landshaftnyj-svetilnik-ravello-1-black
Бра Равелло Black,5890,https://www.divan.ru/tver/product/bra-ravello-black
Бра Сирмион Black,7690,https://www.divan.ru/tver/product/bra-sirmion-black
Подвесной светильник Минки-2 White,2490,https://www.divan.ru/tver/product/podvesnoj-svetilnik-minki-2-white
Подвесной светильник Талли Black,7190,https://www.divan.ru/tver/product/podvesnoj-svetilnik-talli-black
Спот Лайт-1 White,2690,https://www.divan.ru/tver/product/spot-lajt-1-white
Настольная лампа Альби White,1590,https://www.divan.ru/tver/product/nastolnaya-lampa-albi-white
Подвесной светильник Вэлли Olive,6490,https://www.divan.ru/tver/product/podvesnoj-svetilnik-velli-olive
Подвесной светильник Полярик Silver,5590,https://www.divan.ru/tver/product/podvesnoj-svetilnik-polyarik-silver
Ландшафтный светильник Равелло-2 Black,11 990,https://www.divan.ru/tver/product/landshaftnyj-svetilnik-ravello-2-black
Ландшафтный светильник Талли Black,12 790,https://www.divan.ru/tver/product/landshaftnyj-svetilnik-talli-black
Подвесной светильник Гермес Black,6390,https://www.divan.ru/tver/product/podvesnoj-svetilnik-germes-black
Бра Nevy Silver,8690,https://www.divan.ru/tver/product/bra-nevy-silver
Подвесной светильник Ройл Black,6790,https://www.divan.ru/tver/product/podvesnoj-svetilnik-rojl-black
Подвесной светильник Агато Black,9490,https://www.divan.ru/tver/product/podvesnoj-svetilnik-agato-black
Подвесной светильник Priddy,9890,https://www.divan.ru/tver/product/podvesnoj-svetilnik-priddy
Торшер Moderli Birds-1,15 490,https://www.divan.ru/tver/product/torsher-moderli-birds-1
Ландшафтный светильник Техно-2 Black,5990,https://www.divan.ru/tver/product/landshaftnyj-svetilnik-tehno-2-black
Настольная лампа Алсагер Grey Felt,6790,https://www.divan.ru/tver/product/nastolnaya-lampa-alsager-grey-felt
Люстра Альби-5 Black,5890,https://www.divan.ru/tver/product/lyustra-albi-5-black
Бра Твинки Black,3390,https://www.divan.ru/tver/product/bra-tvinki-black
Подвесной светильник Стеллато-1 Wood,8790,https://www.divan.ru/tver/product/podvesnoj-svetilnik-stellato-1-wood
Бра Aqua-Bolla,2490,https://www.divan.ru/tver/product/bra-aqua-bolla
Бра Брик Black,3890,https://www.divan.ru/tver/product/bra-brik-black
Ландшафтный светильник Сфера-1 Black,13 090,https://www.divan.ru/tver/product/landshaftnyj-svetilnik-sfera-1-black
Бра Гермес Black,6290,https://www.divan.ru/tver/product/bra-germes-black
Бра Мэль White,2690,https://www.divan.ru/tver/product/bra-mel-white
Бра Твинки Grey,3390,https://www.divan.ru/tver/product/bra-tvinki-grey
Подвесной светильник Онтарио Brown,12 390,https://www.divan.ru/tver/product/podvesnoj-svetilnik-ontario-brown
Торшер Moderli Birds-3,25 490,https://www.divan.ru/tver/product/torsher-moderli-birds-3
Настольная лампа Шоу Black,7490,https://www.divan.ru/tver/product/nastolnaya-lampa-shou-black
Подвесной светильник Дроп Beige,3490,https://www.divan.ru/tver/product/podvesnoj-svetilnik-drop-beige
Подвесной светильник Ори White,3990,https://www.divan.ru/tver/product/podvesnoj-svetilnik-ori-white
Подвесной светильник Мантис Olive,17 990,https://www.divan.ru/tver/product/podvesnoj-svetilnik-mantis-olive
Торшер Омаха White,12 490,https://www.divan.ru/tver/product/torsher-omaha-white
Подвесной светильник Онтарио Black,10 490,https://www.divan.ru/tver/product/podvesnoj-svetilnik-ontario-black
Подвесной светильник Пескара Yellow,6990,https://www.divan.ru/tver/product/podvesnoj-svetilnik-peskara-yellow
Спот Лайт-1 Grey,2690,https://www.divan.ru/tver/product/spot-lajt-1-grey
Подвесной светильник Фиона Black,3990,https://www.divan.ru/tver/product/podvesnoj-svetilnik-fiona-black
Бра Элси Black,890,https://www.divan.ru/tver/product/bra-elsi-black
Люстра Фолс-6 Brown,13 490,https://www.divan.ru/tver/product/lyustra-fols-6-brown
Подвесной светильник Moderli Alina,11 990,https://www.divan.ru/tver/product/podvesnoj-svetilnik-moderli-alina
Торшер Moderli Birds-2,22 990,https://www.divan.ru/tver/product/torsher-moderli-birds-2
Бра Ройл Black,6890,https://www.divan.ru/tver/product/bra-rojl-black
Ландшафтный светильник Стамбул-2 Black,10 090,https://www.divan.ru/tver/product/landshaftnyj-svetilnik-stambul-2-black
Подвесной светильник Дроп White,3990,https://www.divan.ru/tver/product/podvesnoj-svetilnik-drop-white
Подвесной светильник Ори Black,3590,https://www.divan.ru/tver/product/podvesnoj-svetilnik-ori-black
Подвесной светильник Альта Black,5190,https://www.divan.ru/tver/product/podvesnoj-svetilnik-alta-black
Подвесной светильник Эйр Beige,5990,https://www.divan.ru/tver/product/podvesnoj-svetilnik-ejr-beige
Подвесной светильник Клэри BLack,9490,https://www.divan.ru/tver/product/podvesnoj-svetilnik-kleri-black
Подвесной светильник Селф Gold,4690,https://www.divan.ru/tver/product/podvesnoj-svetilnik-self-gold
Подвесной светильник Альта Gold,5990,https://www.divan.ru/tver/product/podvesnoj-svetilnik-alta-gold
Подвесной светильник Плейн White,11 990,https://www.divan.ru/tver/product/podvesnoj-svetilnik-plejn-white
Бра Pinocchio,7990,https://www.divan.ru/tver/product/bra-pinocchio
Бра Твинки White,3390,https://www.divan.ru/tver/product/bra-tvinki-white
Подвесной светильник Агато Brown,9490,https://www.divan.ru/tver/product/podvesnoj-svetilnik-agato-brown
Ландшафтный светильник Стамбул-1 Black,5290,https://www.divan.ru/tver/product/landshaftnyj-svetilnik-stambul-1-black
Подвесной светильник Moderli Host-1,4990,https://www.divan.ru/tver/product/podvesnoj-svetilnik-moderli-host-1
Бра Брик White,3890,https://www.divan.ru/tver/product/bra-brik-white
Ландшафтный светильник Ройл Black,13 490,https://www.divan.ru/tver/product/landshaftnyj-svetilnik-rojl-black
Бра Атрани Black,5490,https://www.divan.ru/tver/product/bra-atrani-black
Подвесной светильник Лечче Mint,5590,https://www.divan.ru/tver/product/podvesnoj-svetilnik-lechche-mint
Подвесной светильник Дроп Black,3990,https://www.divan.ru/tver/product/podvesnoj-svetilnik-drop-black
Подвесной светильник Селф White,4990,https://www.divan.ru/tver/product/podvesnoj-svetilnik-self-white
Подвесной светильник Лума Black,4990,https://www.divan.ru/tver/product/podvesnoj-svetilnik-luma-black
Подвесной светильник Ринна Beige,5590,https://www.divan.ru/tver/product/podvesnoj-svetilnik-rinna-beige
Подвесной светильник Фиона White,3990,https://www.divan.ru/tver/product/podvesnoj-svetilnik-fiona-white
Подвесной светильник Вэлли Gray,6490,https://www.divan.ru/tver/product/podvesnoj-svetilnik-velli-gray
Подвесной светильник Селф Black,4490,https://www.divan.ru/tver/product/podvesnoj-svetilnik-self-black
Фонарь Ройл Black,5990,https://www.divan.ru/tver/product/fonar-rojl-black
Бра Moderli Birds-2,13 290,https://www.divan.ru/tver/product/bra-moderli-birds-2
Подвесной светильник Даклин Red,3990,https://www.divan.ru/tver/product/podvesnoj-svetilnik-daklin-red
Люстра Джеоми White,13 890,https://www.divan.ru/tver/product/lyustra-djeomi-white
Бра Visuale,2890,https://www.divan.ru/tver/product/bra-visuale
Бра Сфера-1 Black,5490,https://www.divan.ru/tver/product/bra-sfera-1-black
Ландшафтный светильник Лэндскейп Black,4590,https://www.divan.ru/tver/product/landshaftnyj-svetilnik-lendskejp-black
Подвесной светильник Вэлли Brown,6490,https://www.divan.ru/tver/product/podvesnoj-svetilnik-velli-brown
Подвесной светильник Ринна Black,5590,https://www.divan.ru/tver/product/podvesnoj-svetilnik-rinna-black
Настольная лампа Отто Black,4490,https://www.divan.ru/tver/product/nastolnaya-lampa-otto-black
Подвесной светильник Альта White,4999,https://www.divan.ru/tver/product/podvesnoj-svetilnik-alta-white
Подвесной светильник Мантис Brown,17 990,https://www.divan.ru/tver/product/podvesnoj-svetilnik-mantis-brown
Подвесной светильник Мантис Black,17 990,https://www.divan.ru/tver/product/podvesnoj-svetilnik-mantis-black
Подвесной светильник Лума White,4990,https://www.divan.ru/tver/product/podvesnoj-svetilnik-luma-white
Бра Талли Black,7990,https://www.divan.ru/tver/product/bra-talli-black
Подвесной светильник Селф Gray,4990,https://www.divan.ru/tver/product/podvesnoj-svetilnik-self-gray
Ландшафтный светильник Донатори-2 Black,9890,https://www.divan.ru/tver/product/landshaftnyj-svetilnik-donatori-2-black
Подвесной светильник Минки-1 Black,2990,https://www.divan.ru/tver/product/podvesnoj-svetilnik-minki-1-black
Бра Техно Стрикт-2 White,1990,https://www.divan.ru/tver/product/bra-tehno-strikt-2-white
Ландшафтный светильник Хассалех Black,9090,https://www.divan.ru/tver/product/landshaftnyj-svetilnik-hassaleh-black
Торшер Отто Black,7590,https://www.divan.ru/tver/product/torsher-otto-black
Торшер Шоу Black,11 990,https://www.divan.ru/tver/product/torsher-shou-black
Подвесной светильник Лечче Black,4490,https://www.divan.ru/tver/product/podvesnoj-svetilnik-lechche-black
Люстра Фаро-5 Black,13 090,https://www.divan.ru/tver/product/lyustra-faro-5-black
Ландшафтный светильник Элси-4 Black,1790,https://www.divan.ru/tver/product/landshaftnyj-svetilnik-elsi-4-black
Ландшафтный светильник Белград Black,10 990,https://www.divan.ru/tver/product/landshaftnyj-svetilnik-belgrad-black
Настольная лампа Ньютаун Black,3790,https://www.divan.ru/tver/product/nastolnaya-lampa-nyutaun-black
Бра Техно-2 Black,3290,https://www.divan.ru/tver/product/bra-tehno-2-black
Подвесной светильник Ринна White,5590,https://www.divan.ru/tver/product/podvesnoj-svetilnik-rinna-white
Бра Леон Black,2390,https://www.divan.ru/tver/product/bra-leon-black
Торшер Priddy,9790,https://www.divan.ru/tver/product/torsher-priddy
Бра Техно-1 Black,3990,https://www.divan.ru/tver/product/bra-tehno-1-black
Ландшафтный светильник Белфаст Black,6690,https://www.divan.ru/tver/product/landshaftnyj-svetilnik-belfast-black
Ландшафтный светильник Донатори-1 Black,6390,https://www.divan.ru/tver/product/landshaftnyj-svetilnik-donatori-1-black
Бра Леон-1 Black,2790,https://www.divan.ru/tver/product/bra-leon-1-black
Подвесной светильник Эйр Brown,5990,https://www.divan.ru/tver/product/podvesnoj-svetilnik-ejr-brown
Подвесной светильник Ридж White,3290,https://www.divan.ru/tver/product/podvesnoj-svetilnik-ridj-white
Спот Лайт-2 Black,3690,https://www.divan.ru/tver/product/spot-lajt-2-black
Подвесной светильник Дроп Gray,3090,https://www.divan.ru/tver/product/podvesnoj-svetilnik-drop-gray
Люстра Лима-5 White,9790,https://www.divan.ru/tver/product/lyustra-lima-5-white
Бра Белфаст Double,5290,https://www.divan.ru/tver/product/bra-belfast-double
Торшер Севилья White,8590,https://www.divan.ru/tver/product/torsher-sevilya-white
Подвесной светильник Селф White,4990,https://www.divan.ru/tver/product/podvesnoj-svetilnik-self-white
Подвесной светильник Лума Black,4990,https://www.divan.ru/tver/product/podvesnoj-svetilnik-luma-black
Подвесной светильник Ринна Beige,5590,https://www.divan.ru/tver/product/podvesnoj-svetilnik-rinna-beige
Подвесной светильник Фиона White,3990,https://www.divan.ru/tver/product/podvesnoj-svetilnik-fiona-white
Подвесной светильник Вэлли Gray,6490,https://www.divan.ru/tver/product/podvesnoj-svetilnik-velli-gray
Подвесной светильник Селф Black,4490,https://www.divan.ru/tver/product/podvesnoj-svetilnik-self-black
Фонарь Ройл Black,5990,https://www.divan.ru/tver/product/fonar-rojl-black
Бра Moderli Birds-2,13 290,https://www.divan.ru/tver/product/bra-moderli-birds-2
Подвесной светильник Даклин Red,3990,https://www.divan.ru/tver/product/podvesnoj-svetilnik-daklin-red
Люстра Джеоми White,13 890,https://www.divan.ru/tver/product/lyustra-djeomi-white
Бра Visuale,2890,https://www.divan.ru/tver/product/bra-visuale
Бра Сфера-1 Black,5490,https://www.divan.ru/tver/product/bra-sfera-1-black
Ландшафтный светильник Лэндскейп Black,4590,https://www.divan.ru/tver/product/landshaftnyj-svetilnik-lendskejp-black
Подвесной светильник Вэлли Brown,6490,https://www.divan.ru/tver/product/podvesnoj-svetilnik-velli-brown
Подвесной светильник Ринна Black,5590,https://www.divan.ru/tver/product/podvesnoj-svetilnik-rinna-black
Настольная лампа Отто Black,4490,https://www.divan.ru/tver/product/nastolnaya-lampa-otto-black
Подвесной светильник Альта White,4999,https://www.divan.ru/tver/product/podvesnoj-svetilnik-alta-white
Подвесной светильник Мантис Brown,17 990,https://www.divan.ru/tver/product/podvesnoj-svetilnik-mantis-brown
Подвесной светильник Мантис Black,17 990,https://www.divan.ru/tver/product/podvesnoj-svetilnik-mantis-black
Подвесной светильник Лума White,4990,https://www.divan.ru/tver/product/podvesnoj-svetilnik-luma-white
Бра Талли Black,7990,https://www.divan.ru/tver/product/bra-talli-black
Подвесной светильник Селф Gray,4990,https://www.divan.ru/tver/product/podvesnoj-svetilnik-self-gray
Ландшафтный светильник Донатори-2 Black,9890,https://www.divan.ru/tver/product/landshaftnyj-svetilnik-donatori-2-black
Подвесной светильник Минки-1 Black,2990,https://www.divan.ru/tver/product/podvesnoj-svetilnik-minki-1-black
Бра Техно Стрикт-2 White,1990,https://www.divan.ru/tver/product/bra-tehno-strikt-2-white
Ландшафтный светильник Хассалех Black,9090,https://www.divan.ru/tver/product/landshaftnyj-svetilnik-hassaleh-black
Торшер Отто Black,7590,https://www.divan.ru/tver/product/torsher-otto-black
Торшер Шоу Black,11 990,https://www.divan.ru/tver/product/torsher-shou-black
Подвесной светильник Лечче Black,4490,https://www.divan.ru/tver/product/podvesnoj-svetilnik-lechche-black
Люстра Фаро-5 Black,13 090,https://www.divan.ru/tver/product/lyustra-faro-5-black
Ландшафтный светильник Элси-4 Black,1790,https://www.divan.ru/tver/product/landshaftnyj-svetilnik-elsi-4-black
Ландшафтный светильник Белград Black,10 990,https://www.divan.ru/tver/product/landshaftnyj-svetilnik-belgrad-black
Настольная лампа Ньютаун Black,3790,https://www.divan.ru/tver/product/nastolnaya-lampa-nyutaun-black
Бра Техно-2 Black,3290,https://www.divan.ru/tver/product/bra-tehno-2-black
Подвесной светильник Ринна White,5590,https://www.divan.ru/tver/product/podvesnoj-svetilnik-rinna-white
Бра Леон Black,2390,https://www.divan.ru/tver/product/bra-leon-black
Торшер Priddy,9790,https://www.divan.ru/tver/product/torsher-priddy
Бра Техно-1 Black,3990,https://www.divan.ru/tver/product/bra-tehno-1-black
Ландшафтный светильник Белфаст Black,6690,https://www.divan.ru/tver/product/landshaftnyj-svetilnik-belfast-black
Ландшафтный светильник Донатори-1 Black,6390,https://www.divan.ru/tver/product/landshaftnyj-svetilnik-donatori-1-black
Бра Леон-1 Black,2790,https://www.divan.ru/tver/product/bra-leon-1-black
Подвесной светильник Эйр Brown,5990,https://www.divan.ru/tver/product/podvesnoj-svetilnik-ejr-brown
Подвесной светильник Ридж White,3290,https://www.divan.ru/tver/product/podvesnoj-svetilnik-ridj-white
Спот Лайт-2 Black,3690,https://www.divan.ru/tver/product/spot-lajt-2-black
Подвесной светильник Дроп Gray,3090,https://www.divan.ru/tver/product/podvesnoj-svetilnik-drop-gray
Люстра Лима-5 White,9790,https://www.divan.ru/tver/product/lyustra-lima-5-white
Бра Белфаст Double,5290,https://www.divan.ru/tver/product/bra-belfast-double
Торшер Севилья White,8590,https://www.divan.ru/tver/product/torsher-sevilya-white
